path,model,layer,heads,length,n_examples,baseline_accuracy,baseline_margin,baseline_source_mass,source_max_accuracy_delta,source_max_margin_delta,source_max_source_mass_delta,source_max_max_invariant_error,source_max_accuracy_delta_ci95_low,source_max_accuracy_delta_ci95_high,source_max_margin_delta_ci95_low,source_max_margin_delta_ci95_high,source_min_accuracy_delta,source_min_margin_delta,source_min_source_mass_delta,source_min_max_invariant_error,source_min_accuracy_delta_ci95_low,source_min_accuracy_delta_ci95_high,source_min_margin_delta_ci95_low,source_min_margin_delta_ci95_high,distractor_control_accuracy_delta,distractor_control_margin_delta,distractor_control_source_mass_delta,distractor_control_max_invariant_error,distractor_control_accuracy_delta_ci95_low,distractor_control_accuracy_delta_ci95_high,distractor_control_margin_delta_ci95_low,distractor_control_margin_delta_ci95_high,source_max_vs_control_accuracy_delta,source_max_vs_control_margin_delta,source_max_vs_control_accuracy_delta_ci95_low,source_max_vs_control_accuracy_delta_ci95_high,source_max_vs_control_margin_delta_ci95_low,source_max_vs_control_margin_delta_ci95_high
results\lengthgen\pretrained_causal_pythia1p4b\pretrained_causal_routing_results.json,EleutherAI/pythia-1.4b,10,4,5,128,0.359375,-1.5897216796875,0.25240397453308105,0.109375,0.8778076171875,0.12102627754211426,2.384185791015625e-07,0.046875,0.171875,0.64501953125,1.117681884765625,-0.25,-2.47967529296875,-0.25188488949788734,2.384185791015625e-07,-0.328125,-0.1796875,-2.8076263427734376,-2.1673400878906253,0.0390625,0.239013671875,0.0,4.76837158203125e-07,-0.015625,0.09375,0.0339324951171875,0.44677734375,0.0703125,0.6387939453125,0.015625,0.1328125,0.4003875732421875,0.8873352050781249
results\lengthgen\pretrained_causal_pythia1p4b\pretrained_causal_routing_results.json,EleutherAI/pythia-1.4b,10,4,20,128,0.0390625,-4.51947021484375,0.04530881717801094,0.0390625,1.195037841796875,0.08489252254366875,4.76837158203125e-07,0.0,0.078125,0.9719535827636718,1.4354263305664063,-0.0390625,-0.6220703125,-0.045026502877590246,4.76837158203125e-07,-0.078125,-0.0078125,-0.8221466064453125,-0.42529144287109377,-0.015625,0.09844017028808594,0.0,4.76837158203125e-07,-0.046875,0.015625,-0.06604485511779784,0.26517138481140134,0.0546875,1.096597671508789,0.015625,0.1015625,0.9051457405090332,1.3088688373565673
results\lengthgen\pretrained_causal_pythia1p4b\pretrained_causal_routing_results.json,EleutherAI/pythia-1.4b,10,4,80,128,0.0,-5.30645751953125,0.005002135410904884,0.0,0.40509033203125,0.04485834203660488,4.76837158203125e-07,0.0,0.0,0.264031982421875,0.5377822875976562,0.0,0.0343017578125,-0.0049412911757826805,4.76837158203125e-07,0.0,0.0,-0.096923828125,0.17084197998046868,0.0,0.09918212890625,0.0,9.5367431640625e-07,0.0,0.0,-0.029057312011718746,0.22601470947265623,0.0,0.305908203125,0.0,0.0,0.1846893310546875,0.42425537109375
results\lengthgen\pretrained_causal_pythia70m\pretrained_causal_routing_results.json,EleutherAI/pythia-70m,3,4,5,128,0.21875,-1.7683191299438477,0.4008538348862203,0.1796875,1.2748289108276367,0.17102993598382454,2.384185791015625e-07,0.1171875,0.25,1.0308351278305055,1.5285757303237915,-0.21875,-5.019391059875488,-0.40032166597086416,4.76837158203125e-07,-0.2890625,-0.1484375,-5.415140414237976,-4.618775129318237,-0.0625,-1.0842523574829102,0.0,4.76837158203125e-07,-0.125,0.0,-1.2962633132934571,-0.8772361040115361,0.2421875,2.359081268310547,0.1640625,0.3203125,2.0009137868881224,2.740349817276001
results\lengthgen\pretrained_causal_pythia70m\pretrained_causal_routing_results.json,EleutherAI/pythia-70m,3,4,20,128,0.015625,-5.9861860275268555,0.09901403757567095,0.03125,2.8603744506835938,0.3424882029107721,4.76837158203125e-07,0.0078125,0.0625,2.5611072063446043,3.165026307106018,-0.015625,-1.3319292068481445,-0.09893062621048898,4.76837158203125e-07,-0.0390625,0.0,-1.6420568943023681,-1.0463531970977786,-0.0078125,-1.530257225036621,0.0,4.76837158203125e-07,-0.0234375,0.0,-1.7012917041778564,-1.366540861129761,0.0390625,4.390631675720215,0.0078125,0.078125,4.014015126228332,4.768367505073547
results\lengthgen\pretrained_causal_pythia70m\pretrained_causal_routing_results.json,EleutherAI/pythia-70m,3,4,80,128,0.0078125,-6.194467544555664,0.016787188293690747,0.0,1.5466976165771484,0.31807168154902854,9.5367431640625e-07,-0.0234375,0.0234375,1.3148199319839478,1.7791042566299438,-0.0078125,-0.17904281616210938,-0.016784830209126023,9.5367431640625e-07,-0.0234375,0.0,-0.2805502891540527,-0.09599435329437259,0.0,-1.1445808410644531,0.0,9.5367431640625e-07,0.0,0.0,-1.290943717956543,-1.0029221773147583,0.0,2.6912784576416016,-0.0234375,0.0234375,2.422073483467102,2.9567521095275877
results\lengthgen\pretrained_causal_qwen1p5b\pretrained_causal_routing_results.json,Qwen/Qwen2.5-1.5B,19,4,5,128,0.5390625,-1.344482421875,0.35790210604682215,0.1015625,1.1767578125,0.1822075283525919,2.384185791015625e-07,0.0546875,0.15625,0.731439208984375,1.712408447265625,-0.2578125,-1.4061279296875,-0.35777070567817626,4.76837158203125e-07,-0.3359375,-0.1796875,-1.6632080078125,-1.166253662109375,-0.015625,0.297119140625,0.0,4.76837158203125e-07,-0.0625,0.03125,0.07275390625,0.5363952636718747,0.1171875,0.879638671875,0.0546875,0.1875,0.517816162109375,1.311041259765625
results\lengthgen\pretrained_causal_qwen1p5b\pretrained_causal_routing_results.json,Qwen/Qwen2.5-1.5B,19,4,20,128,0.3984375,-2.0140380859375,0.20150896914515215,0.1875,2.2677001953125,0.24731782071080488,4.76837158203125e-07,0.125,0.2578125,1.77978515625,2.7888214111328127,-0.1171875,-1.19110107421875,-0.2015037900905982,4.76837158203125e-07,-0.1796875,-0.0625,-1.433294677734375,-0.9583694458007813,0.0234375,0.1553955078125,0.0,4.76837158203125e-07,-0.0078125,0.0625,-0.07569580078124999,0.3819641113281249,0.1640625,2.1123046875,0.1015625,0.234375,1.63084716796875,2.633062744140625
results\lengthgen\pretrained_causal_qwen1p5b\pretrained_causal_routing_results.json,Qwen/Qwen2.5-1.5B,19,4,80,128,0.0703125,-5.78662109375,0.054422201175896134,0.109375,2.52685546875,0.3113362178609691,4.76837158203125e-07,0.0546875,0.1640625,2.1467254638671873,2.91444091796875,-0.0234375,-0.2852783203125,-0.05442189067016723,4.76837158203125e-07,-0.0546875,0.0,-0.40504150390625,-0.182373046875,0.0,0.123046875,0.0,4.76837158203125e-07,-0.0234375,0.0234375,-0.0604248046875,0.306884765625,0.109375,2.40380859375,0.0546875,0.1640625,1.99315185546875,2.8095703125
results\lengthgen\pretrained_causal_qwen1p5b\pretrained_causal_routing_results.json,Qwen/Qwen2.5-1.5B,19,4,160,128,0.0078125,-6.994384765625,0.01931647041729434,0.0625,2.20361328125,0.3352851512105133,4.76837158203125e-07,0.0234375,0.109375,1.892572021484375,2.53565673828125,0.0,-0.1484375,-0.019316344217587128,4.76837158203125e-07,0.0,0.0,-0.251226806640625,-0.06689453125,0.0,0.072265625,0.0,4.76837158203125e-07,0.0,0.0,-0.056640625,0.19970703125,0.0625,2.13134765625,0.0234375,0.109375,1.822998046875,2.4524108886718747
results\lengthgen\pretrained_causal_qwen7b\pretrained_causal_routing_results.json,Qwen/Qwen2.5-7B,22,4,5,96,0.4479166666666667,-1.8121744791666667,0.5718382994333903,0.020833333333333315,0.32535807291666674,0.09048724174499512,2.384185791015625e-07,-0.020833333333333332,0.0625,0.14925130208333334,0.5263753255208332,-0.13541666666666669,-0.9884847005208333,-0.5718264401732353,2.384185791015625e-07,-0.20833333333333334,-0.07291666666666667,-1.1975606282552085,-0.7903228759765625,0.01041666666666663,0.13997395833333348,0.0,2.384185791015625e-07,0.0,0.03125,0.04426676432291667,0.2506551106770833,0.010416666666666685,0.18538411458333326,-0.020833333333333332,0.052083333333333336,0.04003499348958334,0.36263834635416653
results\lengthgen\pretrained_causal_qwen7b\pretrained_causal_routing_results.json,Qwen/Qwen2.5-7B,22,4,20,96,0.2708333333333333,-2.2862141927083335,0.41739115739862126,0.13541666666666669,0.8910319010416667,0.1317345139880975,4.76837158203125e-07,0.07291666666666667,0.20833333333333334,0.5869934082031251,1.2178609212239582,-0.10416666666666666,-1.18505859375,-0.4173909322409784,4.76837158203125e-07,-0.16666666666666666,-0.052083333333333336,-1.466064453125,-0.9230875651041668,0.010416666666666685,0.14371744791666696,0.0,4.76837158203125e-07,0.0,0.03125,0.049153645833333336,0.24056396484374995,0.125,0.7473144531249998,0.0625,0.19791666666666666,0.4759867350260417,1.048345947265625
results\lengthgen\pretrained_causal_qwen7b\pretrained_causal_routing_results.json,Qwen/Qwen2.5-7B,22,4,80,96,0.010416666666666666,-5.984710693359375,0.12609478025115095,0.010416666666666666,0.653788248697917,0.12625825217886205,4.76837158203125e-07,0.0,0.03125,0.4415443420410156,0.90845464070638,-0.010416666666666666,-0.5459620157877607,-0.12609468815578137,4.76837158203125e-07,-0.03125,0.0,-0.7458434422810872,-0.3746112187703451,0.0,-0.11909993489583304,0.0,4.76837158203125e-07,0.0,0.0,-0.18093159993489583,-0.059061686197916664,0.010416666666666666,0.77288818359375,0.0,0.03125,0.5491429646809897,1.0472831726074219
results\lengthgen\pretrained_causal_gemma2b\pretrained_causal_routing_results.json,google/gemma-2-2b,6,4,5,128,0.7578125,2.60089111328125,0.6697340905666351,0.0078125,0.04095458984375,0.05908861756324768,2.384185791015625e-07,0.0,0.0234375,0.00335693359375,0.08685302734375,-0.09375,-1.68017578125,-0.6695666805024914,2.384185791015625e-07,-0.1640625,-0.0234375,-2.078999328613281,-1.2883895874023437,0.015625,0.020263671875,0.0,2.384185791015625e-07,-0.015625,0.046875,-0.0826446533203125,0.1207275390625,-0.0078125,0.02069091796875,-0.0390625,0.015625,-0.069091796875,0.11535797119140623
results\lengthgen\pretrained_causal_gemma2b\pretrained_causal_routing_results.json,google/gemma-2-2b,6,4,20,128,0.7109375,1.8459548950195312,0.5390676148235798,0.015625,0.01983642578125,0.10057700797915459,2.384185791015625e-07,0.0,0.0390625,-0.03058013916015625,0.07052688598632811,-0.1328125,-1.3411941528320312,-0.5390447215845366,4.76837158203125e-07,-0.203125,-0.0625,-1.6955236434936523,-0.9916915893554689,-0.0078125,-0.01883697509765625,0.0,4.76837158203125e-07,-0.0390625,0.015625,-0.09894027709960937,0.06054191589355465,0.0234375,0.03867340087890625,0.0,0.0546875,-0.03689041137695312,0.11709747314453123
results\lengthgen\pretrained_causal_gemma2b\pretrained_causal_routing_results.json,google/gemma-2-2b,6,4,80,128,0.7421875,2.25634765625,0.4397000602912158,0.0,0.05844879150390625,0.12875945051200688,4.76837158203125e-07,0.0,0.0,0.013159179687500001,0.10471343994140625,-0.1171875,-1.0964031219482422,-0.4396952391533637,9.5367431640625e-07,-0.1796875,-0.0625,-1.3564228534698486,-0.8502568721771243,0.0,0.03824615478515625,0.0,4.76837158203125e-07,0.0,0.0,-0.029301452636718746,0.10834045410156246,0.0,0.02020263671875,0.0,0.0,-0.05169677734375,0.09131011962890623
